jonas,schilling,jonas.schilling@example.com
valentino,carvalho,valentino.carvalho@example.com
noa,rousseau,noa.rousseau@example.com
ella,crawford,ella.crawford@example.com
claire,brewer,claire.brewer@example.com
kitty,black,kitty.black@example.com
marino,lima,marino.lima@example.com
nino,legrand,nino.legrand@example.com
alexandra,gilbert,alexandra.gilbert@example.com
paula,ruiz,paula.ruiz@example.com
kenneth,prescott,kenneth.prescott@example.com
lukas,rieger,lukas.rieger@example.com
frederick,garrett,frederick.garrett@example.com
tony,barnes,tony.barnes@example.com
louisa,andre,louisa.andre@example.com
liam,west,liam.west@example.com
mandy,smith,mandy.smith@example.com
corey,silva,corey.silva@example.com
simon,christensen,simon.christensen@example.com
arthur,chow,arthur.chow@example.com
christina,beck,christina.beck@example.com
anthony,murphy,anthony.murphy@example.com
nelson,thompson,nelson.thompson@example.com
salvador,moreno,salvador.moreno@example.com
marius,clement,marius.clement@example.com
vanessa,james,vanessa.james@example.com
kristin,wilke,kristin.wilke@example.com
francis,hart,francis.hart@example.com
pippa,wood,pippa.wood@example.com
chad,alexander,chad.alexander@example.com
vickie,silva,vickie.silva@example.com
ingridt,gomes,ingridt.gomes@example.com
eddie,ellis,eddie.ellis@example.com
silas,larsen,silas.larsen@example.com
barb,elliott,barb.elliott@example.com
karl,cunningham,karl.cunningham@example.com
lou,perrin,lou.perrin@example.com
emma,bertrand,emma.bertrand@example.com
olivia,kristensen,olivia.kristensen@example.com
zachary,tremblay,zachary.tremblay@example.com
donna,morris,donna.morris@example.com
xavier,grewal,xavier.grewal@example.com
lily,mathieu,lily.mathieu@example.com
umbelina,silva,umbelina.silva@example.com
venla,peltola,venla.peltola@example.com
isaiah,harris,isaiah.harris@example.com
marianne,johnson,marianne.johnson@example.com
xenia,bach,xenia.bach@example.com
lotta,leinonen,lotta.leinonen@example.com
ramona,ford,ramona.ford@example.com
esma,abadan,esma.abadan@example.com
philipp,lehmann,philipp.lehmann@example.com
axel,bourgeois,axel.bourgeois@example.com
ella,christensen,ella.christensen@example.com
edward,singh,edward.singh@example.com
paul,garnier,paul.garnier@example.com
katie,torres,katie.torres@example.com
dominiek,mensinga,dominiek.mensinga@example.com
onur,polat,onur.polat@example.com
vanessa,horton,vanessa.horton@example.com
vincent,taylor,vincent.taylor@example.com
thomas,miles,thomas.miles@example.com
mille,christensen,mille.christensen@example.com
holly,green,holly.green@example.com
harry,anderson,harry.anderson@example.com
alijda,oosthoek,alijda.oosthoek@example.com
veronika,mul,veronika.mul@example.com
lily,olivier,lily.olivier@example.com
harvey,ward,harvey.ward@example.com
german,esteban,german.esteban@example.com
phoenix,patel,phoenix.patel@example.com
amandine,robert,amandine.robert@example.com
lily,ryan,lily.ryan@example.com
chloe,anderson,chloe.anderson@example.com
madison,mackay,madison.mackay@example.com
taylor,hamilton,taylor.hamilton@example.com
emma,gauthier,emma.gauthier@example.com
herbert,scott,herbert.scott@example.com
cameron,knight,cameron.knight@example.com
lara,barth,lara.barth@example.com
