arturo,aguilar,arturo.aguilar@example.com
mille,larsen,mille.larsen@example.com
molly,allen,molly.allen@example.com
benjamin,christensen,benjamin.christensen@example.com
marianne,lo,marianne.lo@example.com
anatole,bernard,anatole.bernard@example.com
kerttu,hietala,kerttu.hietala@example.com
cory,castillo,cory.castillo@example.com
juliette,fortin,juliette.fortin@example.com
sarah,winter,sarah.winter@example.com
jean,sullivan,jean.sullivan@example.com
glen,davis,glen.davis@example.com
olivier,white,olivier.white@example.com
alexia,boyer,alexia.boyer@example.com
valentin,guerin,valentin.guerin@example.com
joona,elo,joona.elo@example.com
carlos,krug,carlos.krug@example.com
annabelle,bergeron,annabelle.bergeron@example.com
ida,jensen,ida.jensen@example.com
axelle,gerard,axelle.gerard@example.com
wanda,west,wanda.west@example.com
estelle,schneider,estelle.schneider@example.com
matilda,martin,matilda.martin@example.com
ella,moreno,ella.moreno@example.com
macit,tahincioğlu,macit.tahincioğlu@example.com
loretta,barnett,loretta.barnett@example.com
sam,martin,sam.martin@example.com
sofia,evans,sofia.evans@example.com
viktor,pfeiffer,viktor.pfeiffer@example.com
nolhan,rolland,nolhan.rolland@example.com
lyna,legrand,lyna.legrand@example.com
nathan,patel,nathan.patel@example.com
elliot,adams,elliot.adams@example.com
freddie,henderson,freddie.henderson@example.com
louis,robinson,louis.robinson@example.com
iina,huhta,iina.huhta@example.com
peter,henry,peter.henry@example.com
chakib,vergoossen,chakib.vergoossen@example.com
leta,graves,leta.graves@example.com
joaquin,herrera,joaquin.herrera@example.com
ninon,adam,ninon.adam@example.com
augustin,masson,augustin.masson@example.com
alfred,williams,alfred.williams@example.com
sohan,david,sohan.david@example.com
alisa,tuominen,alisa.tuominen@example.com
timeo,boyer,timeo.boyer@example.com
buse,van kester,buse.vankester@example.com
minttu,kalas,minttu.kalas@example.com
gaspard,roux,gaspard.roux@example.com
jayanti,strijk,jayanti.strijk@example.com
marilyn,adams,marilyn.adams@example.com
maria,marin,maria.marin@example.com
laura,albert,laura.albert@example.com
vanita,lodewijks,vanita.lodewijks@example.com
jeppe,rasmussen,jeppe.rasmussen@example.com
darlene,edwards,darlene.edwards@example.com
cathriona,omahony,cathriona.omahony@example.com
milan,leroux,milan.leroux@example.com
monika,esser,monika.esser@example.com
frida,nielsen,frida.nielsen@example.com
sophie,lam,sophie.lam@example.com
jerry,lane,jerry.lane@example.com
sienna,wilson,sienna.wilson@example.com
antoine,roy,antoine.roy@example.com
louise,barnes,louise.barnes@example.com
patrick,mccoy,patrick.mccoy@example.com
maxime,brar,maxime.brar@example.com
hannah,walker,hannah.walker@example.com
lilou,gonzalez,lilou.gonzalez@example.com
leslie,richards,leslie.richards@example.com
edgar,stone,edgar.stone@example.com
storm,olsen,storm.olsen@example.com
michel,fritz,michel.fritz@example.com
maelya,gauthier,maelya.gauthier@example.com
julie,fisher,julie.fisher@example.com
alisa,koski,alisa.koski@example.com
melvin,vasquez,melvin.vasquez@example.com
leo,anderson,leo.anderson@example.com
jasmina,kopp,jasmina.kopp@example.com
etienne,park,etienne.park@example.com
lou,perrin,lou.perrin@example.com
emma,bertrand,emma.bertrand@example.com
olivia,kristensen,olivia.kristensen@example.com
zachary,tremblay,zachary.tremblay@example.com
donna,morris,donna.morris@example.com
xavier,grewal,xavier.grewal@example.com
